"REGION","Region","LOCATION","Country","INC","Income","VAR","Variable","TIME","Year","Value","Flag Codes","Flags"
"ASI","Asia","AUS","Australia","AIC","All income groups","RCL_PV_LAW","Law","2019","2019",0.5,,
"ASI","Asia","AUS","Australia","AIC","All income groups","RCL_PV_PRACT","Practice","2019","2019",28.7,,
"ALL","All regions","AUS","Australia","AIC","All income groups","RCL_PV_LAW","Law","2019","2019",0.5,,
"ALL","All regions","AUS","Australia","AIC","All income groups","RCL_PV_PRACT","Practice","2019","2019",28.7,,
"EUR","Europe","AUT","Austria","AIC","All income groups","RCL_PV_LAW","Law","2019","2019",0.5,,
"EUR","Europe","AUT","Austria","AIC","All income groups","RCL_PV_PRACT","Practice","2019","2019",34.4,,
"ALL","All regions","AUT","Austria","AIC","All income groups","RCL_PV_LAW","Law","2019","2019",0.5,,
"ALL","All regions","AUT","Austria","AIC","All income groups","RCL_PV_PRACT","Practice","2019","2019",34.4,,
"EUR","Europe","BEL","Belgium","AIC","All income groups","RCL_PV_LAW","Law","2019","2019",0,,
"EUR","Europe","BEL","Belgium","AIC","All income groups","RCL_PV_PRACT","Practice","2019","2019",38,,
"ALL","All regions","BEL","Belgium","AIC","All income groups","RCL_PV_LAW","Law","2019","2019",0,,
"ALL","All regions","BEL","Belgium","AIC","All income groups","RCL_PV_PRACT","Practice","2019","2019",38,,
"AME","Americas","CAN","Canada","AIC","All income groups","RCL_PV_LAW","Law","2019","2019",0.5,,
"AME","Americas","CAN","Canada","AIC","All income groups","RCL_PV_PRACT","Practice","2019","2019",27,,
"ALL","All regions","CAN","Canada","AIC","All income groups","RCL_PV_LAW","Law","2019","2019",0.5,,
"ALL","All regions","CAN","Canada","AIC","All income groups","RCL_PV_PRACT","Practice","2019","2019",27,,
"EUR","Europe","CZE","Czech Republic","AIC","All income groups","RCL_PV_LAW","Law","2019","2019",0.5,,
"EUR","Europe","CZE","Czech Republic","AIC","All income groups","RCL_PV_PRACT","Practice","2019","2019",22,,
"ALL","All regions","CZE","Czech Republic","AIC","All income groups","RCL_PV_LAW","Law","2019","2019",0.5,,
"ALL","All regions","CZE","Czech Republic","AIC","All income groups","RCL_PV_PRACT","Practice","2019","2019",22,,
"EUR","Europe","DNK","Denmark","AIC","All income groups","RCL_PV_LAW","Law","2019","2019",0,,
"EUR","Europe","DNK","Denmark","AIC","All income groups","RCL_PV_PRACT","Practice","2019","2019",37.4,,
"ALL","All regions","DNK","Denmark","AIC","All income groups","RCL_PV_LAW","Law","2019","2019",0,,
"ALL","All regions","DNK","Denmark","AIC","All income groups","RCL_PV_PRACT","Practice","2019","2019",37.4,,
"EUR","Europe","FIN","Finland","AIC","All income groups","RCL_PV_LAW","Law","2019","2019",0,,
"EUR","Europe","FIN","Finland","AIC","All income groups","RCL_PV_PRACT","Practice","2019","2019",42,,
"ALL","All regions","FIN","Finland","AIC","All income groups","RCL_PV_LAW","Law","2019","2019",0,,
"ALL","All regions","FIN","Finland","AIC","All income groups","RCL_PV_PRACT","Practice","2019","2019",42,,
"EUR","Europe","FRA","France","AIC","All income groups","RCL_PV_LAW","Law","2019","2019",0,,
"EUR","Europe","FRA","France","AIC","All income groups","RCL_PV_PRACT","Practice","2019","2019",39,,
"ALL","All regions","FRA","France","AIC","All income groups","RCL_PV_LAW","Law","2019","2019",0,,
"ALL","All regions","FRA","France","AIC","All income groups","RCL_PV_PRACT","Practice","2019","2019",39,,
"EUR","Europe","DEU","Germany","AIC","All income groups","RCL_PV_LAW","Law","2019","2019",0.5,,
"EUR","Europe","DEU","Germany","AIC","All income groups","RCL_PV_PRACT","Practice","2019","2019",30.7,,
"ALL","All regions","DEU","Germany","AIC","All income groups","RCL_PV_LAW","Law","2019","2019",0.5,,
"ALL","All regions","DEU","Germany","AIC","All income groups","RCL_PV_PRACT","Practice","2019","2019",30.7,,
"EUR","Europe","GRC","Greece","AIC","All income groups","RCL_PV_LAW","Law","2019","2019",0.25,,
"EUR","Europe","GRC","Greece","AIC","All income groups","RCL_PV_PRACT","Practice","2019","2019",18.3,,
"ALL","All regions","GRC","Greece","AIC","All income groups","RCL_PV_LAW","Law","2019","2019",0.25,,
"ALL","All regions","GRC","Greece","AIC","All income groups","RCL_PV_PRACT","Practice","2019","2019",18.3,,
"EUR","Europe","HUN","Hungary","AIC","All income groups","RCL_PV_LAW","Law","2019","2019",0.5,,
"EUR","Europe","HUN","Hungary","AIC","All income groups","RCL_PV_PRACT","Practice","2019","2019",10.1,,
"ALL","All regions","HUN","Hungary","AIC","All income groups","RCL_PV_LAW","Law","2019","2019",0.5,,
"ALL","All regions","HUN","Hungary","AIC","All income groups","RCL_PV_PRACT","Practice","2019","2019",10.1,,
"EUR","Europe","ISL","Iceland","AIC","All income groups","RCL_PV_LAW","Law","2019","2019",0,,
"EUR","Europe","ISL","Iceland","AIC","All income groups","RCL_PV_PRACT","Practice","2019","2019",38.1,,
"ALL","All regions","ISL","Iceland","AIC","All income groups","RCL_PV_LAW","Law","2019","2019",0,,
"ALL","All regions","ISL","Iceland","AIC","All income groups","RCL_PV_PRACT","Practice","2019","2019",38.1,,
"EUR","Europe","IRL","Ireland","AIC","All income groups","RCL_PV_LAW","Law","2019","2019",0,,
"EUR","Europe","IRL","Ireland","AIC","All income groups","RCL_PV_PRACT","Practice","2019","2019",22.2,,
"ALL","All regions","IRL","Ireland","AIC","All income groups","RCL_PV_LAW","Law","2019","2019",0,,
"ALL","All regions","IRL","Ireland","AIC","All income groups","RCL_PV_PRACT","Practice","2019","2019",22.2,,
"EUR","Europe","ITA","Italy","AIC","All income groups","RCL_PV_LAW","Law","2019","2019",0,,
"EUR","Europe","ITA","Italy","AIC","All income groups","RCL_PV_PRACT","Practice","2019","2019",31,,
"ALL","All regions","ITA","Italy","AIC","All income groups","RCL_PV_LAW","Law","2019","2019",0,,
"ALL","All regions","ITA","Italy","AIC","All income groups","RCL_PV_PRACT","Practice","2019","2019",31,,
"ASI","Asia","JPN","Japan","AIC","All income groups","RCL_PV_LAW","Law","2019","2019",0.5,,
"ASI","Asia","JPN","Japan","AIC","All income groups","RCL_PV_PRACT","Practice","2019","2019",10.1,,
"ALL","All regions","JPN","Japan","AIC","All income groups","RCL_PV_LAW","Law","2019","2019",0.5,,
"ALL","All regions","JPN","Japan","AIC","All income groups","RCL_PV_PRACT","Practice","2019","2019",10.1,,
"ASI","Asia","KOR","Korea","AIC","All income groups","RCL_PV_LAW","Law","2019","2019",0.25,,
"ASI","Asia","KOR","Korea","AIC","All income groups","RCL_PV_PRACT","Practice","2019","2019",17,,
"ALL","All regions","KOR","Korea","AIC","All income groups","RCL_PV_LAW","Law","2019","2019",0.25,,
"ALL","All regions","KOR","Korea","AIC","All income groups","RCL_PV_PRACT","Practice","2019","2019",17,,
"EUR","Europe","LUX","Luxembourg","AIC","All income groups","RCL_PV_LAW","Law","2019","2019",0,,
"EUR","Europe","LUX","Luxembourg","AIC","All income groups","RCL_PV_PRACT","Practice","2019","2019",28.3,,
"ALL","All regions","LUX","Luxembourg","AIC","All income groups","RCL_PV_LAW","Law","2019","2019",0,,
"ALL","All regions","LUX","Luxembourg","AIC","All income groups","RCL_PV_PRACT","Practice","2019","2019",28.3,,
"AME","Americas","MEX","Mexico","AIC","All income groups","RCL_PV_LAW","Law","2019","2019",0.25,,
"AME","Americas","MEX","Mexico","AIC","All income groups","RCL_PV_PRACT","Practice","2019","2019",42.6,,
"ALL","All regions","MEX","Mexico","AIC","All income groups","RCL_PV_LAW","Law","2019","2019",0.25,,
"ALL","All regions","MEX","Mexico","AIC","All income groups","RCL_PV_PRACT","Practice","2019","2019",42.6,,
"EUR","Europe","NLD","Netherlands","AIC","All income groups","RCL_PV_LAW","Law","2019","2019",0.5,,
"EUR","Europe","NLD","Netherlands","AIC","All income groups","RCL_PV_PRACT","Practice","2019","2019",36,,
"ALL","All regions","NLD","Netherlands","AIC","All income groups","RCL_PV_LAW","Law","2019","2019",0.5,,
"ALL","All regions","NLD","Netherlands","AIC","All income groups","RCL_PV_PRACT","Practice","2019","2019",36,,
"ASI","Asia","NZL","New Zealand","AIC","All income groups","RCL_PV_LAW","Law","2019","2019",0.5,,
"ASI","Asia","NZL","New Zealand","AIC","All income groups","RCL_PV_PRACT","Practice","2019","2019",38.3,,
"ALL","All regions","NZL","New Zealand","AIC","All income groups","RCL_PV_LAW","Law","2019","2019",0.5,,
"ALL","All regions","NZL","New Zealand","AIC","All income groups","RCL_PV_PRACT","Practice","2019","2019",38.3,,
"EUR","Europe","NOR","Norway","AIC","All income groups","RCL_PV_LAW","Law","2019","2019",0.5,,
"EUR","Europe","NOR","Norway","AIC","All income groups","RCL_PV_PRACT","Practice","2019","2019",41.4,,
"ALL","All regions","NOR","Norway","AIC","All income groups","RCL_PV_LAW","Law","2019","2019",0.5,,
"ALL","All regions","NOR","Norway","AIC","All income groups","RCL_PV_PRACT","Practice","2019","2019",41.4,,
"EUR","Europe","POL","Poland","AIC","All income groups","RCL_PV_LAW","Law","2019","2019",0,,
"EUR","Europe","POL","Poland","AIC","All income groups","RCL_PV_PRACT","Practice","2019","2019",28,,
"ALL","All regions","POL","Poland","AIC","All income groups","RCL_PV_LAW","Law","2019","2019",0,,
"ALL","All regions","POL","Poland","AIC","All income groups","RCL_PV_PRACT","Practice","2019","2019",28,,
"EUR","Europe","PRT","Portugal","AIC","All income groups","RCL_PV_LAW","Law","2019","2019",0,,
"EUR","Europe","PRT","Portugal","AIC","All income groups","RCL_PV_PRACT","Practice","2019","2019",34.8,,
"ALL","All regions","PRT","Portugal","AIC","All income groups","RCL_PV_LAW","Law","2019","2019",0,,
"ALL","All regions","PRT","Portugal","AIC","All income groups","RCL_PV_PRACT","Practice","2019","2019",34.8,,
"EUR","Europe","SVK","Slovak Republic","AIC","All income groups","RCL_PV_LAW","Law","2019","2019",0.5,,
"EUR","Europe","SVK","Slovak Republic","AIC","All income groups","RCL_PV_PRACT","Practice","2019","2019",20,,
"ALL","All regions","SVK","Slovak Republic","AIC","All income groups","RCL_PV_LAW","Law","2019","2019",0.5,,
"ALL","All regions","SVK","Slovak Republic","AIC","All income groups","RCL_PV_PRACT","Practice","2019","2019",20,,
"EUR","Europe","ESP","Spain","AIC","All income groups","RCL_PV_LAW","Law","2019","2019",0,,
"EUR","Europe","ESP","Spain","AIC","All income groups","RCL_PV_PRACT","Practice","2019","2019",39.1,,
"ALL","All regions","ESP","Spain","AIC","All income groups","RCL_PV_LAW","Law","2019","2019",0,,
"ALL","All regions","ESP","Spain","AIC","All income groups","RCL_PV_PRACT","Practice","2019","2019",39.1,,
"EUR","Europe","SWE","Sweden","AIC","All income groups","RCL_PV_LAW","Law","2019","2019",0.5,,
"EUR","Europe","SWE","Sweden","AIC","All income groups","RCL_PV_PRACT","Practice","2019","2019",43.6,,
"ALL","All regions","SWE","Sweden","AIC","All income groups","RCL_PV_LAW","Law","2019","2019",0.5,,
"ALL","All regions","SWE","Sweden","AIC","All income groups","RCL_PV_PRACT","Practice","2019","2019",43.6,,
"EUR","Europe","CHE","Switzerland","AIC","All income groups","RCL_PV_LAW","Law","2019","2019",0,,
"EUR","Europe","CHE","Switzerland","AIC","All income groups","RCL_PV_PRACT","Practice","2019","2019",32.5,,
"ALL","All regions","CHE","Switzerland","AIC","All income groups","RCL_PV_LAW","Law","2019","2019",0,,
"ALL","All regions","CHE","Switzerland","AIC","All income groups","RCL_PV_PRACT","Practice","2019","2019",32.5,,
"ASI","Asia","TUR","Turkey","AIC","All income groups","RCL_PV_LAW","Law","2019","2019",0.5,,
"ASI","Asia","TUR","Turkey","AIC","All income groups","RCL_PV_PRACT","Practice","2019","2019",14.6,,
"ALL","All regions","TUR","Turkey","AIC","All income groups","RCL_PV_LAW","Law","2019","2019",0.5,,
"ALL","All regions","TUR","Turkey","AIC","All income groups","RCL_PV_PRACT","Practice","2019","2019",14.6,,
"EUR","Europe","GBR","United Kingdom","AIC","All income groups","RCL_PV_LAW","Law","2019","2019",0,,
"EUR","Europe","GBR","United Kingdom","AIC","All income groups","RCL_PV_PRACT","Practice","2019","2019",32,,
"ALL","All regions","GBR","United Kingdom","AIC","All income groups","RCL_PV_LAW","Law","2019","2019",0,,
"ALL","All regions","GBR","United Kingdom","AIC","All income groups","RCL_PV_PRACT","Practice","2019","2019",32,,
"AME","Americas","USA","United States","AIC","All income groups","RCL_PV_LAW","Law","2019","2019",0.5,,
"AME","Americas","USA","United States","AIC","All income groups","RCL_PV_PRACT","Practice","2019","2019",19.4,,
"ALL","All regions","USA","United States","AIC","All income groups","RCL_PV_LAW","Law","2019","2019",0.5,,
"ALL","All regions","USA","United States","AIC","All income groups","RCL_PV_PRACT","Practice","2019","2019",19.4,,
"ASI","Asia","AFG","Afghanistan","AIC","All income groups","RCL_PV_LAW","Law","2019","2019",0.25,,
"ASI","Asia","AFG","Afghanistan","AIC","All income groups","RCL_PV_PRACT","Practice","2019","2019",27.7,,
"ALL","All regions","AFG","Afghanistan","AIC","All income groups","RCL_PV_LAW","Law","2019","2019",0.25,,
"ALL","All regions","AFG","Afghanistan","AIC","All income groups","RCL_PV_PRACT","Practice","2019","2019",27.7,,
"EUR","Europe","ALB","Albania","AIC","All income groups","RCL_PV_LAW","Law","2019","2019",0,,
"EUR","Europe","ALB","Albania","AIC","All income groups","RCL_PV_PRACT","Practice","2019","2019",27.9,,
"ALL","All regions","ALB","Albania","AIC","All income groups","RCL_PV_LAW","Law","2019","2019",0,,
"ALL","All regions","ALB","Albania","AIC","All income groups","RCL_PV_PRACT","Practice","2019","2019",27.9,,
"AFR","Africa","DZA","Algeria","AIC","All income groups","RCL_PV_LAW","Law","2019","2019",0.25,,
"AFR","Africa","DZA","Algeria","AIC","All income groups","RCL_PV_PRACT","Practice","2019","2019",25.8,,
"ALL","All regions","DZA","Algeria","AIC","All income groups","RCL_PV_LAW","Law","2019","2019",0.25,,
"ALL","All regions","DZA","Algeria","AIC","All income groups","RCL_PV_PRACT","Practice","2019","2019",25.8,,
"AFR","Africa","AGO","Angola","AIC","All income groups","RCL_PV_LAW","Law","2019","2019",0.25,,
"AFR","Africa","AGO","Angola","AIC","All income groups","RCL_PV_PRACT","Practice","2019","2019",30.5,,
"ALL","All regions","AGO","Angola","AIC","All income groups","RCL_PV_LAW","Law","2019","2019",0.25,,
"ALL","All regions","AGO","Angola","AIC","All income groups","RCL_PV_PRACT","Practice","2019","2019",30.5,,
"AME","Americas","ATG","Antigua and Barbuda","AIC","All income groups","RCL_PV_LAW","Law","2019","2019",0.5,,
"AME","Americas","ATG","Antigua and Barbuda","AIC","All income groups","RCL_PV_PRACT","Practice","2019","2019",11.1,,
"ALL","All regions","ATG","Antigua and Barbuda","AIC","All income groups","RCL_PV_LAW","Law","2019","2019",0.5,,
"ALL","All regions","ATG","Antigua and Barbuda","AIC","All income groups","RCL_PV_PRACT","Practice","2019","2019",11.1,,
"AME","Americas","ARG","Argentina","AIC","All income groups","RCL_PV_LAW","Law","2019","2019",0,,
"AME","Americas","ARG","Argentina","AIC","All income groups","RCL_PV_PRACT","Practice","2019","2019",38.9,,
"ALL","All regions","ARG","Argentina","AIC","All income groups","RCL_PV_LAW","Law","2019","2019",0,,
"ALL","All regions","ARG","Argentina","AIC","All income groups","RCL_PV_PRACT","Practice","2019","2019",38.9,,
"ASI","Asia","ARM","Armenia","AIC","All income groups","RCL_PV_LAW","Law","2019","2019",0.25,,
"ASI","Asia","ARM","Armenia","AIC","All income groups","RCL_PV_PRACT","Practice","2019","2019",18.1,,
"ALL","All regions","ARM","Armenia","AIC","All income groups","RCL_PV_LAW","Law","2019","2019",0.25,,
"ALL","All regions","ARM","Armenia","AIC","All income groups","RCL_PV_PRACT","Practice","2019","2019",18.1,,
"ASI","Asia","AZE","Azerbaijan","AIC","All income groups","RCL_PV_LAW","Law","2019","2019",0.25,,
"ASI","Asia","AZE","Azerbaijan","AIC","All income groups","RCL_PV_PRACT","Practice","2019","2019",16.8,,
"ALL","All regions","AZE","Azerbaijan","AIC","All income groups","RCL_PV_LAW","Law","2019","2019",0.25,,
"ALL","All regions","AZE","Azerbaijan","AIC","All income groups","RCL_PV_PRACT","Practice","2019","2019",16.8,,
"AME","Americas","BHS","Bahamas","AIC","All income groups","RCL_PV_LAW","Law","2019","2019",0.5,,
"AME","Americas","BHS","Bahamas","AIC","All income groups","RCL_PV_PRACT","Practice","2019","2019",12.8,,
"ALL","All regions","BHS","Bahamas","AIC","All income groups","RCL_PV_LAW","Law","2019","2019",0.5,,
"ALL","All regions","BHS","Bahamas","AIC","All income groups","RCL_PV_PRACT","Practice","2019","2019",12.8,,
"ASI","Asia","BHR","Bahrain","AIC","All income groups","RCL_PV_LAW","Law","2019","2019",0.5,,
"ASI","Asia","BHR","Bahrain","AIC","All income groups","RCL_PV_PRACT","Practice","2019","2019",7.5,,
"ALL","All regions","BHR","Bahrain","AIC","All income groups","RCL_PV_LAW","Law","2019","2019",0.5,,
"ALL","All regions","BHR","Bahrain","AIC","All income groups","RCL_PV_PRACT","Practice","2019","2019",7.5,,
"ASI","Asia","BGD","Bangladesh","AIC","All income groups","RCL_PV_LAW","Law","2019","2019",0.25,,
"ASI","Asia","BGD","Bangladesh","AIC","All income groups","RCL_PV_PRACT","Practice","2019","2019",20.3,,
"ALL","All regions","BGD","Bangladesh","AIC","All income groups","RCL_PV_LAW","Law","2019","2019",0.25,,
"ALL","All regions","BGD","Bangladesh","AIC","All income groups","RCL_PV_PRACT","Practice","2019","2019",20.3,,
"AME","Americas","BRB","Barbados","AIC","All income groups","RCL_PV_LAW","Law","2019","2019",0.5,,
"AME","Americas","BRB","Barbados","AIC","All income groups","RCL_PV_PRACT","Practice","2019","2019",16.7,,
"ALL","All regions","BRB","Barbados","AIC","All income groups","RCL_PV_LAW","Law","2019","2019",0.5,,
"ALL","All regions","BRB","Barbados","AIC","All income groups","RCL_PV_PRACT","Practice","2019","2019",16.7,,
"EUR","Europe","BLR","Belarus","AIC","All income groups","RCL_PV_LAW","Law","2019","2019",0.5,,
"EUR","Europe","BLR","Belarus","AIC","All income groups","RCL_PV_PRACT","Practice","2019","2019",34.5,,
"ALL","All regions","BLR","Belarus","AIC","All income groups","RCL_PV_LAW","Law","2019","2019",0.5,,
"ALL","All regions","BLR","Belarus","AIC","All income groups","RCL_PV_PRACT","Practice","2019","2019",34.5,,
"AME","Americas","BLZ","Belize","AIC","All income groups","RCL_PV_LAW","Law","2019","2019",0.5,,
"AME","Americas","BLZ","Belize","AIC","All income groups","RCL_PV_PRACT","Practice","2019","2019",9.4,,
"ALL","All regions","BLZ","Belize","AIC","All income groups","RCL_PV_LAW","Law","2019","2019",0.5,,
"ALL","All regions","BLZ","Belize","AIC","All income groups","RCL_PV_PRACT","Practice","2019","2019",9.4,,
"AFR","Africa","BEN","Benin","AIC","All income groups","RCL_PV_LAW","Law","2019","2019",0.5,,
"AFR","Africa","BEN","Benin","AIC","All income groups","RCL_PV_PRACT","Practice","2019","2019",7.2,,
"ALL","All regions","BEN","Benin","AIC","All income groups","RCL_PV_LAW","Law","2019","2019",0.5,,
"ALL","All regions","BEN","Benin","AIC","All income groups","RCL_PV_PRACT","Practice","2019","2019",7.2,,
"ASI","Asia","BTN","Bhutan","AIC","All income groups","RCL_PV_LAW","Law","2019","2019",0.5,,
"ASI","Asia","BTN","Bhutan","AIC","All income groups","RCL_PV_PRACT","Practice","2019","2019",8.5,,
"ALL","All regions","BTN","Bhutan","AIC","All income groups","RCL_PV_LAW","Law","2019","2019",0.5,,
"ALL","All regions","BTN","Bhutan","AIC","All income groups","RCL_PV_PRACT","Practice","2019","2019",8.5,,
"AME","Americas","BOL","Bolivia","AIC","All income groups","RCL_PV_LAW","Law","2019","2019",0.25,,
"AME","Americas","BOL","Bolivia","AIC","All income groups","RCL_PV_PRACT","Practice","2019","2019",53.1,,
"ALL","All regions","BOL","Bolivia","AIC","All income groups","RCL_PV_LAW","Law","2019","2019",0.25,,
"ALL","All regions","BOL","Bolivia","AIC","All income groups","RCL_PV_PRACT","Practice","2019","2019",53.1,,
"EUR","Europe","BIH","Bosnia and Herzegovina","AIC","All income groups","RCL_PV_LAW","Law","2019","2019",0.25,,
"EUR","Europe","BIH","Bosnia and Herzegovina","AIC","All income groups","RCL_PV_PRACT","Practice","2019","2019",21.4,,
"ALL","All regions","BIH","Bosnia and Herzegovina","AIC","All income groups","RCL_PV_LAW","Law","2019","2019",0.25,,
"ALL","All regions","BIH","Bosnia and Herzegovina","AIC","All income groups","RCL_PV_PRACT","Practice","2019","2019",21.4,,
"AFR","Africa","BWA","Botswana","AIC","All income groups","RCL_PV_LAW","Law","2019","2019",0.5,,
"AFR","Africa","BWA","Botswana","AIC","All income groups","RCL_PV_PRACT","Practice","2019","2019",9.5,,
"ALL","All regions","BWA","Botswana","AIC","All income groups","RCL_PV_LAW","Law","2019","2019",0.5,,
"ALL","All regions","BWA","Botswana","AIC","All income groups","RCL_PV_PRACT","Practice","2019","2019",9.5,,
"AME","Americas","BRA","Brazil","AIC","All income groups","RCL_PV_LAW","Law","2019","2019",0.25,,
"AME","Americas","BRA","Brazil","AIC","All income groups","RCL_PV_PRACT","Practice","2019","2019",10.7,,
"ALL","All regions","BRA","Brazil","AIC","All income groups","RCL_PV_LAW","Law","2019","2019",0.25,,
"ALL","All regions","BRA","Brazil","AIC","All income groups","RCL_PV_PRACT","Practice","2019","2019",10.7,,
"ASI","Asia","BRN","Brunei Darussalam","AIC","All income groups","RCL_PV_LAW","Law","2019","2019",0.5,,
"ASI","Asia","BRN","Brunei Darussalam","AIC","All income groups","RCL_PV_PRACT","Practice","2019","2019",9.1,,
"ALL","All regions","BRN","Brunei Darussalam","AIC","All income groups","RCL_PV_LAW","Law","2019","2019",0.5,,
"ALL","All regions","BRN","Brunei Darussalam","AIC","All income groups","RCL_PV_PRACT","Practice","2019","2019",9.1,,
"EUR","Europe","BGR","Bulgaria","AIC","All income groups","RCL_PV_LAW","Law","2019","2019",0.5,,
"EUR","Europe","BGR","Bulgaria","AIC","All income groups","RCL_PV_PRACT","Practice","2019","2019",23.8,,
"ALL","All regions","BGR","Bulgaria","AIC","All income groups","RCL_PV_LAW","Law","2019","2019",0.5,,
"ALL","All regions","BGR","Bulgaria","AIC","All income groups","RCL_PV_PRACT","Practice","2019","2019",23.8,,
"AFR","Africa","BFA","Burkina Faso","AIC","All income groups","RCL_PV_LAW","Law","2019","2019",0,,
"AFR","Africa","BFA","Burkina Faso","AIC","All income groups","RCL_PV_PRACT","Practice","2019","2019",11,,
"ALL","All regions","BFA","Burkina Faso","AIC","All income groups","RCL_PV_LAW","Law","2019","2019",0,,
"ALL","All regions","BFA","Burkina Faso","AIC","All income groups","RCL_PV_PRACT","Practice","2019","2019",11,,
"AFR","Africa","BDI","Burundi","AIC","All income groups","RCL_PV_LAW","Law","2019","2019",0,,
"AFR","Africa","BDI","Burundi","AIC","All income groups","RCL_PV_PRACT","Practice","2019","2019",36.4,,
"ALL","All regions","BDI","Burundi","AIC","All income groups","RCL_PV_LAW","Law","2019","2019",0,,
"ALL","All regions","BDI","Burundi","AIC","All income groups","RCL_PV_PRACT","Practice","2019","2019",36.4,,
"ASI","Asia","KHM","Cambodia","AIC","All income groups","RCL_PV_LAW","Law","2019","2019",0.5,,
"ASI","Asia","KHM","Cambodia","AIC","All income groups","RCL_PV_PRACT","Practice","2019","2019",20.3,,
"ALL","All regions","KHM","Cambodia","AIC","All income groups","RCL_PV_LAW","Law","2019","2019",0.5,,
"ALL","All regions","KHM","Cambodia","AIC","All income groups","RCL_PV_PRACT","Practice","2019","2019",20.3,,
"AFR","Africa","CMR","Cameroon","AIC","All income groups","RCL_PV_LAW","Law","2019","2019",0.25,,
"AFR","Africa","CMR","Cameroon","AIC","All income groups","RCL_PV_PRACT","Practice","2019","2019",31.1,,
"ALL","All regions","CMR","Cameroon","AIC","All income groups","RCL_PV_LAW","Law","2019","2019",0.25,,
"ALL","All regions","CMR","Cameroon","AIC","All income groups","RCL_PV_PRACT","Practice","2019","2019",31.1,,
"AFR","Africa","CPV","Cabo Verde","AIC","All income groups","RCL_PV_LAW","Law","2019","2019",0.25,,
"AFR","Africa","CPV","Cabo Verde","AIC","All income groups","RCL_PV_PRACT","Practice","2019","2019",23.6,,
"ALL","All regions","CPV","Cabo Verde","AIC","All income groups","RCL_PV_LAW","Law","2019","2019",0.25,,
"ALL","All regions","CPV","Cabo Verde","AIC","All income groups","RCL_PV_PRACT","Practice","2019","2019",23.6,,
"AFR","Africa","CAF","Central African Republic","AIC","All income groups","RCL_PV_LAW","Law","2019","2019",0.5,,
"AFR","Africa","CAF","Central African Republic","AIC","All income groups","RCL_PV_PRACT","Practice","2019","2019",8.6,,
"ALL","All regions","CAF","Central African Republic","AIC","All income groups","RCL_PV_LAW","Law","2019","2019",0.5,,
"ALL","All regions","CAF","Central African Republic","AIC","All income groups","RCL_PV_PRACT","Practice","2019","2019",8.6,,
"AFR","Africa","TCD","Chad","AIC","All income groups","RCL_PV_LAW","Law","2019","2019",0.25,,
"AFR","Africa","TCD","Chad","AIC","All income groups","RCL_PV_PRACT","Practice","2019","2019",12.8,,
"ALL","All regions","TCD","Chad","AIC","All income groups","RCL_PV_LAW","Law","2019","2019",0.25,,
"ALL","All regions","TCD","Chad","AIC","All income groups","RCL_PV_PRACT","Practice","2019","2019",12.8,,
"AME","Americas","CHL","Chile","AIC","All income groups","RCL_PV_LAW","Law","2019","2019",0,,
"AME","Americas","CHL","Chile","AIC","All income groups","RCL_PV_PRACT","Practice","2019","2019",22.6,,
"ALL","All regions","CHL","Chile","AIC","All income groups","RCL_PV_LAW","Law","2019","2019",0,,
"ALL","All regions","CHL","Chile","AIC","All income groups","RCL_PV_PRACT","Practice","2019","2019",22.6,,
"ASI","Asia","CHN","China (People's Republic of)","AIC","All income groups","RCL_PV_LAW","Law","2019","2019",0,,
"ASI","Asia","CHN","China (People's Republic of)","AIC","All income groups","RCL_PV_PRACT","Practice","2019","2019",24.2,,
"ALL","All regions","CHN","China (People's Republic of)","AIC","All income groups","RCL_PV_LAW","Law","2019","2019",0,,
"ALL","All regions","CHN","China (People's Republic of)","AIC","All income groups","RCL_PV_PRACT","Practice","2019","2019",24.2,,
"AME","Americas","COL","Colombia","AIC","All income groups","RCL_PV_LAW","Law","2019","2019",0.25,,
"AME","Americas","COL","Colombia","AIC","All income groups","RCL_PV_PRACT","Practice","2019","2019",18.7,,
"ALL","All regions","COL","Colombia","AIC","All income groups","RCL_PV_LAW","Law","2019","2019",0.25,,
"ALL","All regions","COL","Colombia","AIC","All income groups","RCL_PV_PRACT","Practice","2019","2019",18.7,,
"AFR","Africa","COM","Comoros","AIC","All income groups","RCL_PV_LAW","Law","2019","2019",0.5,,
"AFR","Africa","COM","Comoros","AIC","All income groups","RCL_PV_PRACT","Practice","2019","2019",6.1,,
"ALL","All regions","COM","Comoros","AIC","All income groups","RCL_PV_LAW","Law","2019","2019",0.5,,
"ALL","All regions","COM","Comoros","AIC","All income groups","RCL_PV_PRACT","Practice","2019","2019",6.1,,
"AFR","Africa","COG","Congo","AIC","All income groups","RCL_PV_LAW","Law","2019","2019",0.25,,
"AFR","Africa","COG","Congo","AIC","All income groups","RCL_PV_PRACT","Practice","2019","2019",11.3,,
"ALL","All regions","COG","Congo","AIC","All income groups","RCL_PV_LAW","Law","2019","2019",0.25,,
"ALL","All regions","COG","Congo","AIC","All income groups","RCL_PV_PRACT","Practice","2019","2019",11.3,,
"AME","Americas","CRI","Costa Rica","AIC","All income groups","RCL_PV_LAW","Law","2019","2019",0,,
"AME","Americas","CRI","Costa Rica","AIC","All income groups","RCL_PV_PRACT","Practice","2019","2019",35.1,,
"ALL","All regions","CRI","Costa Rica","AIC","All income groups","RCL_PV_LAW","Law","2019","2019",0,,
"ALL","All regions","CRI","Costa Rica","AIC","All income groups","RCL_PV_PRACT","Practice","2019","2019",35.1,,
"AFR","Africa","CIV","Côte d'Ivoire","AIC","All income groups","RCL_PV_LAW","Law","2019","2019",0.25,,
"AFR","Africa","CIV","Côte d'Ivoire","AIC","All income groups","RCL_PV_PRACT","Practice","2019","2019",10.6,,
"ALL","All regions","CIV","Côte d'Ivoire","AIC","All income groups","RCL_PV_LAW","Law","2019","2019",0.25,,
"ALL","All regions","CIV","Côte d'Ivoire","AIC","All income groups","RCL_PV_PRACT","Practice","2019","2019",10.6,,
"EUR","Europe","HRV","Croatia","AIC","All income groups","RCL_PV_LAW","Law","2019","2019",0,,
"EUR","Europe","HRV","Croatia","AIC","All income groups","RCL_PV_PRACT","Practice","2019","2019",18.5,,
"ALL","All regions","HRV","Croatia","AIC","All income groups","RCL_PV_LAW","Law","2019","2019",0,,
"ALL","All regions","HRV","Croatia","AIC","All income groups","RCL_PV_PRACT","Practice","2019","2019",18.5,,
"AME","Americas","CUB","Cuba","AIC","All income groups","RCL_PV_LAW","Law","2019","2019",0.5,,
"AME","Americas","CUB","Cuba","AIC","All income groups","RCL_PV_PRACT","Practice","2019","2019",48.9,,
"ALL","All regions","CUB","Cuba","AIC","All income groups","RCL_PV_LAW","Law","2019","2019",0.5,,
"ALL","All regions","CUB","Cuba","AIC","All income groups","RCL_PV_PRACT","Practice","2019","2019",48.9,,
"ASI","Asia","CYP","Cyprus","AIC","All income groups","RCL_PV_LAW","Law","2019","2019",0.5,,
"ASI","Asia","CYP","Cyprus","AIC","All income groups","RCL_PV_PRACT","Practice","2019","2019",17.9,,
"ALL","All regions","CYP","Cyprus","AIC","All income groups","RCL_PV_LAW","Law","2019","2019",0.5,,
"ALL","All regions","CYP","Cyprus","AIC","All income groups","RCL_PV_PRACT","Practice","2019","2019",17.9,,
"AFR","Africa","COD","Democratic Republic of the Congo","AIC","All income groups","RCL_PV_LAW","Law","2019","2019",0.25,,
"AFR","Africa","COD","Democratic Republic of the Congo","AIC","All income groups","RCL_PV_PRACT","Practice","2019","2019",8.9,,
"ALL","All regions","COD","Democratic Republic of the Congo","AIC","All income groups","RCL_PV_LAW","Law","2019","2019",0.25,,
"ALL","All regions","COD","Democratic Republic of the Congo","AIC","All income groups","RCL_PV_PRACT","Practice","2019","2019",8.9,,
"AFR","Africa","DJI","Djibouti","AIC","All income groups","RCL_PV_LAW","Law","2019","2019",0.25,,
"AFR","Africa","DJI","Djibouti","AIC","All income groups","RCL_PV_PRACT","Practice","2019","2019",10.8,,
"ALL","All regions","DJI","Djibouti","AIC","All income groups","RCL_PV_LAW","Law","2019","2019",0.25,,
"ALL","All regions","DJI","Djibouti","AIC","All income groups","RCL_PV_PRACT","Practice","2019","2019",10.8,,
"AME","Americas","DMA","Dominica","AIC","All income groups","RCL_PV_LAW","Law","2019","2019",0.5,,
"AME","Americas","DMA","Dominica","AIC","All income groups","RCL_PV_PRACT","Practice","2019","2019",25,,
"ALL","All regions","DMA","Dominica","AIC","All income groups","RCL_PV_LAW","Law","2019","2019",0.5,,
"ALL","All regions","DMA","Dominica","AIC","All income groups","RCL_PV_PRACT","Practice","2019","2019",25,,
"AME","Americas","DOM","Dominican Republic","AIC","All income groups","RCL_PV_LAW","Law","2019","2019",0,,
"AME","Americas","DOM","Dominican Republic","AIC","All income groups","RCL_PV_PRACT","Practice","2019","2019",26.8,,
"ALL","All regions","DOM","Dominican Republic","AIC","All income groups","RCL_PV_LAW","Law","2019","2019",0,,
"ALL","All regions","DOM","Dominican Republic","AIC","All income groups","RCL_PV_PRACT","Practice","2019","2019",26.8,,
"AME","Americas","ECU","Ecuador","AIC","All income groups","RCL_PV_LAW","Law","2019","2019",0.25,,
"AME","Americas","ECU","Ecuador","AIC","All income groups","RCL_PV_PRACT","Practice","2019","2019",38,,
"ALL","All regions","ECU","Ecuador","AIC","All income groups","RCL_PV_LAW","Law","2019","2019",0.25,,
"ALL","All regions","ECU","Ecuador","AIC","All income groups","RCL_PV_PRACT","Practice","2019","2019",38,,
"AFR","Africa","EGY","Egypt","AIC","All income groups","RCL_PV_LAW","Law","2019","2019",0.25,,
"AFR","Africa","EGY","Egypt","AIC","All income groups","RCL_PV_PRACT","Practice","2019","2019",14.9,,
"ALL","All regions","EGY","Egypt","AIC","All income groups","RCL_PV_LAW","Law","2019","2019",0.25,,
"ALL","All regions","EGY","Egypt","AIC","All income groups","RCL_PV_PRACT","Practice","2019","2019",14.9,,
"AME","Americas","SLV","El Salvador","AIC","All income groups","RCL_PV_LAW","Law","2019","2019",0.25,,
"AME","Americas","SLV","El Salvador","AIC","All income groups","RCL_PV_PRACT","Practice","2019","2019",32.1,,
"ALL","All regions","SLV","El Salvador","AIC","All income groups","RCL_PV_LAW","Law","2019","2019",0.25,,
"ALL","All regions","SLV","El Salvador","AIC","All income groups","RCL_PV_PRACT","Practice","2019","2019",32.1,,
"AFR","Africa","GNQ","Equatorial Guinea","AIC","All income groups","RCL_PV_LAW","Law","2019","2019",0.5,,
"AFR","Africa","GNQ","Equatorial Guinea","AIC","All income groups","RCL_PV_PRACT","Practice","2019","2019",20,,
"ALL","All regions","GNQ","Equatorial Guinea","AIC","All income groups","RCL_PV_LAW","Law","2019","2019",0.5,,
"ALL","All regions","GNQ","Equatorial Guinea","AIC","All income groups","RCL_PV_PRACT","Practice","2019","2019",20,,
"AFR","Africa","ERI","Eritrea","AIC","All income groups","RCL_PV_LAW","Law","2019","2019",0.25,,
"AFR","Africa","ERI","Eritrea","AIC","All income groups","RCL_PV_PRACT","Practice","2019","2019",22,,
"ALL","All regions","ERI","Eritrea","AIC","All income groups","RCL_PV_LAW","Law","2019","2019",0.25,,
"ALL","All regions","ERI","Eritrea","AIC","All income groups","RCL_PV_PRACT","Practice","2019","2019",22,,
"EUR","Europe","EST","Estonia","AIC","All income groups","RCL_PV_LAW","Law","2019","2019",0.5,,
"EUR","Europe","EST","Estonia","AIC","All income groups","RCL_PV_PRACT","Practice","2019","2019",26.7,,
"ALL","All regions","EST","Estonia","AIC","All income groups","RCL_PV_LAW","Law","2019","2019",0.5,,
"ALL","All regions","EST","Estonia","AIC","All income groups","RCL_PV_PRACT","Practice","2019","2019",26.7,,
"AFR","Africa","ETH","Ethiopia","AIC","All income groups","RCL_PV_LAW","Law","2019","2019",0.5,,
"AFR","Africa","ETH","Ethiopia","AIC","All income groups","RCL_PV_PRACT","Practice","2019","2019",38.8,,
"ALL","All regions","ETH","Ethiopia","AIC","All income groups","RCL_PV_LAW","Law","2019","2019",0.5,,
"ALL","All regions","ETH","Ethiopia","AIC","All income groups","RCL_PV_PRACT","Practice","2019","2019",38.8,,
"ASI","Asia","FJI","Fiji","AIC","All income groups","RCL_PV_LAW","Law","2019","2019",0.5,,
"ASI","Asia","FJI","Fiji","AIC","All income groups","RCL_PV_PRACT","Practice","2019","2019",16,,
"ALL","All regions","FJI","Fiji","AIC","All income groups","RCL_PV_LAW","Law","2019","2019",0.5,,
"ALL","All regions","FJI","Fiji","AIC","All income groups","RCL_PV_PRACT","Practice","2019","2019",16,,
"AFR","Africa","GAB","Gabon","AIC","All income groups","RCL_PV_LAW","Law","2019","2019",0,,
"AFR","Africa","GAB","Gabon","AIC","All income groups","RCL_PV_PRACT","Practice","2019","2019",17.1,,
"ALL","All regions","GAB","Gabon","AIC","All income groups","RCL_PV_LAW","Law","2019","2019",0,,
"ALL","All regions","GAB","Gabon","AIC","All income groups","RCL_PV_PRACT","Practice","2019","2019",17.1,,
"AFR","Africa","GMB","Gambia","AIC","All income groups","RCL_PV_LAW","Law","2019","2019",0.5,,
"AFR","Africa","GMB","Gambia","AIC","All income groups","RCL_PV_PRACT","Practice","2019","2019",10.3,,
"ALL","All regions","GMB","Gambia","AIC","All income groups","RCL_PV_LAW","Law","2019","2019",0.5,,
"ALL","All regions","GMB","Gambia","AIC","All income groups","RCL_PV_PRACT","Practice","2019","2019",10.3,,
"ASI","Asia","GEO","Georgia","AIC","All income groups","RCL_PV_LAW","Law","2019","2019",0.25,,
"ASI","Asia","GEO","Georgia","AIC","All income groups","RCL_PV_PRACT","Practice","2019","2019",16,,
"ALL","All regions","GEO","Georgia","AIC","All income groups","RCL_PV_LAW","Law","2019","2019",0.25,,
"ALL","All regions","GEO","Georgia","AIC","All income groups","RCL_PV_PRACT","Practice","2019","2019",16,,
"AFR","Africa","GHA","Ghana","AIC","All income groups","RCL_PV_LAW","Law","2019","2019",0.5,,
"AFR","Africa","GHA","Ghana","AIC","All income groups","RCL_PV_PRACT","Practice","2019","2019",12.7,,
"ALL","All regions","GHA","Ghana","AIC","All income groups","RCL_PV_LAW","Law","2019","2019",0.5,,
"ALL","All regions","GHA","Ghana","AIC","All income groups","RCL_PV_PRACT","Practice","2019","2019",12.7,,
"AME","Americas","GRD","Grenada","AIC","All income groups","RCL_PV_LAW","Law","2019","2019",0.5,,
"AME","Americas","GRD","Grenada","AIC","All income groups","RCL_PV_PRACT","Practice","2019","2019",33.3,,
"ALL","All regions","GRD","Grenada","AIC","All income groups","RCL_PV_LAW","Law","2019","2019",0.5,,
"ALL","All regions","GRD","Grenada","AIC","All income groups","RCL_PV_PRACT","Practice","2019","2019",33.3,,
"AME","Americas","GTM","Guatemala","AIC","All income groups","RCL_PV_LAW","Law","2019","2019",0.25,,
"AME","Americas","GTM","Guatemala","AIC","All income groups","RCL_PV_PRACT","Practice","2019","2019",12.7,,
"ALL","All regions","GTM","Guatemala","AIC","All income groups","RCL_PV_LAW","Law","2019","2019",0.25,,
"ALL","All regions","GTM","Guatemala","AIC","All income groups","RCL_PV_PRACT","Practice","2019","2019",12.7,,
"AFR","Africa","GIN","Guinea","AIC","All income groups","RCL_PV_LAW","Law","2019","2019",0,,
"AFR","Africa","GIN","Guinea","AIC","All income groups","RCL_PV_PRACT","Practice","2019","2019",21.9,,
"ALL","All regions","GIN","Guinea","AIC","All income groups","RCL_PV_LAW","Law","2019","2019",0,,
"ALL","All regions","GIN","Guinea","AIC","All income groups","RCL_PV_PRACT","Practice","2019","2019",21.9,,
"AFR","Africa","GNB","Guinea-Bissau","AIC","All income groups","RCL_PV_LAW","Law","2019","2019",0.5,,
"AFR","Africa","GNB","Guinea-Bissau","AIC","All income groups","RCL_PV_PRACT","Practice","2019","2019",13.7,,
"ALL","All regions","GNB","Guinea-Bissau","AIC","All income groups","RCL_PV_LAW","Law","2019","2019",0.5,,
"ALL","All regions","GNB","Guinea-Bissau","AIC","All income groups","RCL_PV_PRACT","Practice","2019","2019",13.7,,
"AME","Americas","GUY","Guyana","AIC","All income groups","RCL_PV_LAW","Law","2019","2019",0.25,,
"AME","Americas","GUY","Guyana","AIC","All income groups","RCL_PV_PRACT","Practice","2019","2019",31.9,,
"ALL","All regions","GUY","Guyana","AIC","All income groups","RCL_PV_LAW","Law","2019","2019",0.25,,
"ALL","All regions","GUY","Guyana","AIC","All income groups","RCL_PV_PRACT","Practice","2019","2019",31.9,,
"AME","Americas","HTI","Haiti","AIC","All income groups","RCL_PV_LAW","Law","2019","2019",0.25,,
"AME","Americas","HTI","Haiti","AIC","All income groups","RCL_PV_PRACT","Practice","2019","2019",2.5,,
"ALL","All regions","HTI","Haiti","AIC","All income groups","RCL_PV_LAW","Law","2019","2019",0.25,,
"ALL","All regions","HTI","Haiti","AIC","All income groups","RCL_PV_PRACT","Practice","2019","2019",2.5,,
"AME","Americas","HND","Honduras","AIC","All income groups","RCL_PV_LAW","Law","2019","2019",0,,
"AME","Americas","HND","Honduras","AIC","All income groups","RCL_PV_PRACT","Practice","2019","2019",21.1,,
"ALL","All regions","HND","Honduras","AIC","All income groups","RCL_PV_LAW","Law","2019","2019",0,,
"ALL","All regions","HND","Honduras","AIC","All income groups","RCL_PV_PRACT","Practice","2019","2019",21.1,,
"ASI","Asia","HKG","Hong Kong, China","AIC","All income groups","RCL_PV_LAW","Law","2019","2019",0.5,,
"ASI","Asia","HKG","Hong Kong, China","AIC","All income groups","RCL_PV_PRACT","Practice","2019","2019",14.7,,
"ALL","All regions","HKG","Hong Kong, China","AIC","All income groups","RCL_PV_LAW","Law","2019","2019",0.5,,
"ALL","All regions","HKG","Hong Kong, China","AIC","All income groups","RCL_PV_PRACT","Practice","2019","2019",14.7,,
"ASI","Asia","IND","India","AIC","All income groups","RCL_PV_LAW","Law","2019","2019",0.25,,
"ASI","Asia","IND","India","AIC","All income groups","RCL_PV_PRACT","Practice","2019","2019",11.8,,
"ALL","All regions","IND","India","AIC","All income groups","RCL_PV_LAW","Law","2019","2019",0.25,,
"ALL","All regions","IND","India","AIC","All income groups","RCL_PV_PRACT","Practice","2019","2019",11.8,,
"ASI","Asia","IDN","Indonesia","AIC","All income groups","RCL_PV_LAW","Law","2019","2019",0.25,,
"ASI","Asia","IDN","Indonesia","AIC","All income groups","RCL_PV_PRACT","Practice","2019","2019",19.8,,
"ALL","All regions","IDN","Indonesia","AIC","All income groups","RCL_PV_LAW","Law","2019","2019",0.25,,
"ALL","All regions","IDN","Indonesia","AIC","All income groups","RCL_PV_PRACT","Practice","2019","2019",19.8,,
"ASI","Asia","IRN","Iran","AIC","All income groups","RCL_PV_LAW","Law","2019","2019",0.5,,
"ASI","Asia","IRN","Iran","AIC","All income groups","RCL_PV_PRACT","Practice","2019","2019",5.9,,
"ALL","All regions","IRN","Iran","AIC","All income groups","RCL_PV_LAW","Law","2019","2019",0.5,,
"ALL","All regions","IRN","Iran","AIC","All income groups","RCL_PV_PRACT","Practice","2019","2019",5.9,,
"ASI","Asia","IRQ","Iraq","AIC","All income groups","RCL_PV_LAW","Law","2019","2019",0.25,,
"ASI","Asia","IRQ","Iraq","AIC","All income groups","RCL_PV_PRACT","Practice","2019","2019",25.3,,
"ALL","All regions","IRQ","Iraq","AIC","All income groups","RCL_PV_LAW","Law","2019","2019",0.25,,
"ALL","All regions","IRQ","Iraq","AIC","All income groups","RCL_PV_PRACT","Practice","2019","2019",25.3,,
"ASI","Asia","ISR","Israel","AIC","All income groups","RCL_PV_LAW","Law","2019","2019",0.25,,
"ASI","Asia","ISR","Israel","AIC","All income groups","RCL_PV_PRACT","Practice","2019","2019",27.5,,
"ALL","All regions","ISR","Israel","AIC","All income groups","RCL_PV_LAW","Law","2019","2019",0.25,,
"ALL","All regions","ISR","Israel","AIC","All income groups","RCL_PV_PRACT","Practice","2019","2019",27.5,,
"AME","Americas","JAM","Jamaica","AIC","All income groups","RCL_PV_LAW","Law","2019","2019",0.5,,
"AME","Americas","JAM","Jamaica","AIC","All income groups","RCL_PV_PRACT","Practice","2019","2019",17.5,,
"ALL","All regions","JAM","Jamaica","AIC","All income groups","RCL_PV_LAW","Law","2019","2019",0.5,,
"ALL","All regions","JAM","Jamaica","AIC","All income groups","RCL_PV_PRACT","Practice","2019","2019",17.5,,
"ASI","Asia","JOR","Jordan","AIC","All income groups","RCL_PV_LAW","Law","2019","2019",0.25,,
"ASI","Asia","JOR","Jordan","AIC","All income groups","RCL_PV_PRACT","Practice","2019","2019",15.4,,
"ALL","All regions","JOR","Jordan","AIC","All income groups","RCL_PV_LAW","Law","2019","2019",0.25,,
"ALL","All regions","JOR","Jordan","AIC","All income groups","RCL_PV_PRACT","Practice","2019","2019",15.4,,
"ASI","Asia","KAZ","Kazakhstan","AIC","All income groups","RCL_PV_LAW","Law","2019","2019",0.5,,
"ASI","Asia","KAZ","Kazakhstan","AIC","All income groups","RCL_PV_PRACT","Practice","2019","2019",27.1,,
"ALL","All regions","KAZ","Kazakhstan","AIC","All income groups","RCL_PV_LAW","Law","2019","2019",0.5,,
"ALL","All regions","KAZ","Kazakhstan","AIC","All income groups","RCL_PV_PRACT","Practice","2019","2019",27.1,,
"AFR","Africa","KEN","Kenya","AIC","All income groups","RCL_PV_LAW","Law","2019","2019",0.25,,
"AFR","Africa","KEN","Kenya","AIC","All income groups","RCL_PV_PRACT","Practice","2019","2019",21.8,,
"ALL","All regions","KEN","Kenya","AIC","All income groups","RCL_PV_LAW","Law","2019","2019",0.25,,
"ALL","All regions","KEN","Kenya","AIC","All income groups","RCL_PV_PRACT","Practice","2019","2019",21.8,,
"ASI","Asia","KWT","Kuwait","AIC","All income groups","RCL_PV_LAW","Law","2019","2019",0.5,,
"ASI","Asia","KWT","Kuwait","AIC","All income groups","RCL_PV_PRACT","Practice","2019","2019",3.1,,
"ALL","All regions","KWT","Kuwait","AIC","All income groups","RCL_PV_LAW","Law","2019","2019",0.5,,
"ALL","All regions","KWT","Kuwait","AIC","All income groups","RCL_PV_PRACT","Practice","2019","2019",3.1,,
"ASI","Asia","KGZ","Kyrgyzstan","AIC","All income groups","RCL_PV_LAW","Law","2019","2019",0,,
"ASI","Asia","KGZ","Kyrgyzstan","AIC","All income groups","RCL_PV_PRACT","Practice","2019","2019",19.2,,
"ALL","All regions","KGZ","Kyrgyzstan","AIC","All income groups","RCL_PV_LAW","Law","2019","2019",0,,
"ALL","All regions","KGZ","Kyrgyzstan","AIC","All income groups","RCL_PV_PRACT","Practice","2019","2019",19.2,,
"ASI","Asia","LAO","Lao People's Democratic Republic","AIC","All income groups","RCL_PV_LAW","Law","2019","2019",0.5,,
"ASI","Asia","LAO","Lao People's Democratic Republic","AIC","All income groups","RCL_PV_PRACT","Practice","2019","2019",27.5,,
"ALL","All regions","LAO","Lao People's Democratic Republic","AIC","All income groups","RCL_PV_LAW","Law","2019","2019",0.5,,
"ALL","All regions","LAO","Lao People's Democratic Republic","AIC","All income groups","RCL_PV_PRACT","Practice","2019","2019",27.5,,
"EUR","Europe","LVA","Latvia","AIC","All income groups","RCL_PV_LAW","Law","2019","2019",0.5,,
"EUR","Europe","LVA","Latvia","AIC","All income groups","RCL_PV_PRACT","Practice","2019","2019",16,,
"ALL","All regions","LVA","Latvia","AIC","All income groups","RCL_PV_LAW","Law","2019","2019",0.5,,
"ALL","All regions","LVA","Latvia","AIC","All income groups","RCL_PV_PRACT","Practice","2019","2019",16,,
"ASI","Asia","LBN","Lebanon","AIC","All income groups","RCL_PV_LAW","Law","2019","2019",0.5,,
"ASI","Asia","LBN","Lebanon","AIC","All income groups","RCL_PV_PRACT","Practice","2019","2019",3.1,,
"ALL","All regions","LBN","Lebanon","AIC","All income groups","RCL_PV_LAW","Law","2019","2019",0.5,,
"ALL","All regions","LBN","Lebanon","AIC","All income groups","RCL_PV_PRACT","Practice","2019","2019",3.1,,
"AFR","Africa","LSO","Lesotho","AIC","All income groups","RCL_PV_LAW","Law","2019","2019",0.25,,
"AFR","Africa","LSO","Lesotho","AIC","All income groups","RCL_PV_PRACT","Practice","2019","2019",22.1,,
"ALL","All regions","LSO","Lesotho","AIC","All income groups","RCL_PV_LAW","Law","2019","2019",0.25,,
"ALL","All regions","LSO","Lesotho","AIC","All income groups","RCL_PV_PRACT","Practice","2019","2019",22.1,,
"AFR","Africa","LBR","Liberia","AIC","All income groups","RCL_PV_LAW","Law","2019","2019",0.25,,
"AFR","Africa","LBR","Liberia","AIC","All income groups","RCL_PV_PRACT","Practice","2019","2019",9.9,,
"ALL","All regions","LBR","Liberia","AIC","All income groups","RCL_PV_LAW","Law","2019","2019",0.25,,
"ALL","All regions","LBR","Liberia","AIC","All income groups","RCL_PV_PRACT","Practice","2019","2019",9.9,,
"AFR","Africa","LBY","Libya","AIC","All income groups","RCL_PV_LAW","Law","2019","2019",0.25,,
"AFR","Africa","LBY","Libya","AIC","All income groups","RCL_PV_PRACT","Practice","2019","2019",16,,
"ALL","All regions","LBY","Libya","AIC","All income groups","RCL_PV_LAW","Law","2019","2019",0.25,,
"ALL","All regions","LBY","Libya","AIC","All income groups","RCL_PV_PRACT","Practice","2019","2019",16,,
"EUR","Europe","LTU","Lithuania","AIC","All income groups","RCL_PV_LAW","Law","2019","2019",0.5,,
"EUR","Europe","LTU","Lithuania","AIC","All income groups","RCL_PV_PRACT","Practice","2019","2019",21.3,,
"ALL","All regions","LTU","Lithuania","AIC","All income groups","RCL_PV_LAW","Law","2019","2019",0.5,,
"ALL","All regions","LTU","Lithuania","AIC","All income groups","RCL_PV_PRACT","Practice","2019","2019",21.3,,
"EUR","Europe","MKD","North Macedonia","AIC","All income groups","RCL_PV_LAW","Law","2019","2019",0.25,,
"EUR","Europe","MKD","North Macedonia","AIC","All income groups","RCL_PV_PRACT","Practice","2019","2019",37.5,,
"ALL","All regions","MKD","North Macedonia","AIC","All income groups","RCL_PV_LAW","Law","2019","2019",0.25,,
"ALL","All regions","MKD","North Macedonia","AIC","All income groups","RCL_PV_PRACT","Practice","2019","2019",37.5,,
"AFR","Africa","MDG","Madagascar","AIC","All income groups","RCL_PV_LAW","Law","2019","2019",0.5,,
"AFR","Africa","MDG","Madagascar","AIC","All income groups","RCL_PV_PRACT","Practice","2019","2019",19.2,,
"ALL","All regions","MDG","Madagascar","AIC","All income groups","RCL_PV_LAW","Law","2019","2019",0.5,,
"ALL","All regions","MDG","Madagascar","AIC","All income groups","RCL_PV_PRACT","Practice","2019","2019",19.2,,
"AFR","Africa","MWI","Malawi","AIC","All income groups","RCL_PV_LAW","Law","2019","2019",0.25,,
"AFR","Africa","MWI","Malawi","AIC","All income groups","RCL_PV_PRACT","Practice","2019","2019",16.7,,
"ALL","All regions","MWI","Malawi","AIC","All income groups","RCL_PV_LAW","Law","2019","2019",0.25,,
"ALL","All regions","MWI","Malawi","AIC","All income groups","RCL_PV_PRACT","Practice","2019","2019",16.7,,
"ASI","Asia","MYS","Malaysia","AIC","All income groups","RCL_PV_LAW","Law","2019","2019",0.5,,
"ASI","Asia","MYS","Malaysia","AIC","All income groups","RCL_PV_PRACT","Practice","2019","2019",10.4,,
"ALL","All regions","MYS","Malaysia","AIC","All income groups","RCL_PV_LAW","Law","2019","2019",0.5,,
"ALL","All regions","MYS","Malaysia","AIC","All income groups","RCL_PV_PRACT","Practice","2019","2019",10.4,,
"ASI","Asia","MDV","Maldives","AIC","All income groups","RCL_PV_LAW","Law","2019","2019",0.25,,
"ASI","Asia","MDV","Maldives","AIC","All income groups","RCL_PV_PRACT","Practice","2019","2019",5.9,,
"ALL","All regions","MDV","Maldives","AIC","All income groups","RCL_PV_LAW","Law","2019","2019",0.25,,
"ALL","All regions","MDV","Maldives","AIC","All income groups","RCL_PV_PRACT","Practice","2019","2019",5.9,,
"AFR","Africa","MLI","Mali","AIC","All income groups","RCL_PV_LAW","Law","2019","2019",0.25,,
"AFR","Africa","MLI","Mali","AIC","All income groups","RCL_PV_PRACT","Practice","2019","2019",8.8,,
"ALL","All regions","MLI","Mali","AIC","All income groups","RCL_PV_LAW","Law","2019","2019",0.25,,
"ALL","All regions","MLI","Mali","AIC","All income groups","RCL_PV_PRACT","Practice","2019","2019",8.8,,
"EUR","Europe","MLT","Malta","AIC","All income groups","RCL_PV_LAW","Law","2019","2019",0.5,,
"EUR","Europe","MLT","Malta","AIC","All income groups","RCL_PV_PRACT","Practice","2019","2019",11.9,,
"ALL","All regions","MLT","Malta","AIC","All income groups","RCL_PV_LAW","Law","2019","2019",0.5,,
"ALL","All regions","MLT","Malta","AIC","All income groups","RCL_PV_PRACT","Practice","2019","2019",11.9,,
"AFR","Africa","MRT","Mauritania","AIC","All income groups","RCL_PV_LAW","Law","2019","2019",0.25,,
"AFR","Africa","MRT","Mauritania","AIC","All income groups","RCL_PV_PRACT","Practice","2019","2019",25.2,,
"ALL","All regions","MRT","Mauritania","AIC","All income groups","RCL_PV_LAW","Law","2019","2019",0.25,,
"ALL","All regions","MRT","Mauritania","AIC","All income groups","RCL_PV_PRACT","Practice","2019","2019",25.2,,
"AFR","Africa","MUS","Mauritius","AIC","All income groups","RCL_PV_LAW","Law","2019","2019",0.25,,
"AFR","Africa","MUS","Mauritius","AIC","All income groups","RCL_PV_PRACT","Practice","2019","2019",11.6,,
"ALL","All regions","MUS","Mauritius","AIC","All income groups","RCL_PV_LAW","Law","2019","2019",0.25,,
"ALL","All regions","MUS","Mauritius","AIC","All income groups","RCL_PV_PRACT","Practice","2019","2019",11.6,,
"EUR","Europe","MDA","Moldova","AIC","All income groups","RCL_PV_LAW","Law","2019","2019",0,,
"EUR","Europe","MDA","Moldova","AIC","All income groups","RCL_PV_PRACT","Practice","2019","2019",22.8,,
"ALL","All regions","MDA","Moldova","AIC","All income groups","RCL_PV_LAW","Law","2019","2019",0,,
"ALL","All regions","MDA","Moldova","AIC","All income groups","RCL_PV_PRACT","Practice","2019","2019",22.8,,
"ASI","Asia","MNG","Mongolia","AIC","All income groups","RCL_PV_LAW","Law","2019","2019",0.25,,
"ASI","Asia","MNG","Mongolia","AIC","All income groups","RCL_PV_PRACT","Practice","2019","2019",17.1,,
"ALL","All regions","MNG","Mongolia","AIC","All income groups","RCL_PV_LAW","Law","2019","2019",0.25,,
"ALL","All regions","MNG","Mongolia","AIC","All income groups","RCL_PV_PRACT","Practice","2019","2019",17.1,,
"AFR","Africa","MAR","Morocco","AIC","All income groups","RCL_PV_LAW","Law","2019","2019",0.25,,
"AFR","Africa","MAR","Morocco","AIC","All income groups","RCL_PV_PRACT","Practice","2019","2019",20.5,,
"ALL","All regions","MAR","Morocco","AIC","All income groups","RCL_PV_LAW","Law","2019","2019",0.25,,
"ALL","All regions","MAR","Morocco","AIC","All income groups","RCL_PV_PRACT","Practice","2019","2019",20.5,,
"AFR","Africa","MOZ","Mozambique","AIC","All income groups","RCL_PV_LAW","Law","2019","2019",0.5,,
"AFR","Africa","MOZ","Mozambique","AIC","All income groups","RCL_PV_PRACT","Practice","2019","2019",39.6,,
"ALL","All regions","MOZ","Mozambique","AIC","All income groups","RCL_PV_LAW","Law","2019","2019",0.5,,
"ALL","All regions","MOZ","Mozambique","AIC","All income groups","RCL_PV_PRACT","Practice","2019","2019",39.6,,
"ASI","Asia","MMR","Myanmar","AIC","All income groups","RCL_PV_LAW","Law","2019","2019",0.5,,
"ASI","Asia","MMR","Myanmar","AIC","All income groups","RCL_PV_PRACT","Practice","2019","2019",10.2,,
"ALL","All regions","MMR","Myanmar","AIC","All income groups","RCL_PV_LAW","Law","2019","2019",0.5,,
"ALL","All regions","MMR","Myanmar","AIC","All income groups","RCL_PV_PRACT","Practice","2019","2019",10.2,,
"AFR","Africa","NAM","Namibia","AIC","All income groups","RCL_PV_LAW","Law","2019","2019",0.25,,
"AFR","Africa","NAM","Namibia","AIC","All income groups","RCL_PV_PRACT","Practice","2019","2019",41.3,,
"ALL","All regions","NAM","Namibia","AIC","All income groups","RCL_PV_LAW","Law","2019","2019",0.25,,
"ALL","All regions","NAM","Namibia","AIC","All income groups","RCL_PV_PRACT","Practice","2019","2019",41.3,,
"ASI","Asia","NPL","Nepal","AIC","All income groups","RCL_PV_LAW","Law","2019","2019",0.25,,
"ASI","Asia","NPL","Nepal","AIC","All income groups","RCL_PV_PRACT","Practice","2019","2019",32.7,,
"ALL","All regions","NPL","Nepal","AIC","All income groups","RCL_PV_LAW","Law","2019","2019",0.25,,
"ALL","All regions","NPL","Nepal","AIC","All income groups","RCL_PV_PRACT","Practice","2019","2019",32.7,,
"AME","Americas","NIC","Nicaragua","AIC","All income groups","RCL_PV_LAW","Law","2019","2019",0,,
"AME","Americas","NIC","Nicaragua","AIC","All income groups","RCL_PV_PRACT","Practice","2019","2019",45.7,,
"ALL","All regions","NIC","Nicaragua","AIC","All income groups","RCL_PV_LAW","Law","2019","2019",0,,
"ALL","All regions","NIC","Nicaragua","AIC","All income groups","RCL_PV_PRACT","Practice","2019","2019",45.7,,
"AFR","Africa","NER","Niger","AIC","All income groups","RCL_PV_LAW","Law","2019","2019",0.25,,
"AFR","Africa","NER","Niger","AIC","All income groups","RCL_PV_PRACT","Practice","2019","2019",17,,
"ALL","All regions","NER","Niger","AIC","All income groups","RCL_PV_LAW","Law","2019","2019",0.25,,
"ALL","All regions","NER","Niger","AIC","All income groups","RCL_PV_PRACT","Practice","2019","2019",17,,
"AFR","Africa","NGA","Nigeria","AIC","All income groups","RCL_PV_LAW","Law","2019","2019",0.5,,
"AFR","Africa","NGA","Nigeria","AIC","All income groups","RCL_PV_PRACT","Practice","2019","2019",5.6,,
"ALL","All regions","NGA","Nigeria","AIC","All income groups","RCL_PV_LAW","Law","2019","2019",0.5,,
"ALL","All regions","NGA","Nigeria","AIC","All income groups","RCL_PV_PRACT","Practice","2019","2019",5.6,,
"ASI","Asia","PSE","Palestinian Authority or West Bank and Gaza Strip","AIC","All income groups","RCL_PV_LAW","Law","2019","2019",0.25,,
"ASI","Asia","PSE","Palestinian Authority or West Bank and Gaza Strip","AIC","All income groups","RCL_PV_PRACT","Practice","2019","2019",12.9,,
"ALL","All regions","PSE","Palestinian Authority or West Bank and Gaza Strip","AIC","All income groups","RCL_PV_LAW","Law","2019","2019",0.25,,
"ALL","All regions","PSE","Palestinian Authority or West Bank and Gaza Strip","AIC","All income groups","RCL_PV_PRACT","Practice","2019","2019",12.9,,
"ASI","Asia","OMN","Oman","AIC","All income groups","RCL_PV_LAW","Law","2019","2019",0.75,,
"ASI","Asia","OMN","Oman","AIC","All income groups","RCL_PV_PRACT","Practice","2019","2019",1.2,,
"ALL","All regions","OMN","Oman","AIC","All income groups","RCL_PV_LAW","Law","2019","2019",0.75,,
"ALL","All regions","OMN","Oman","AIC","All income groups","RCL_PV_PRACT","Practice","2019","2019",1.2,,
"ASI","Asia","PAK","Pakistan","AIC","All income groups","RCL_PV_LAW","Law","2019","2019",0.25,,
"ASI","Asia","PAK","Pakistan","AIC","All income groups","RCL_PV_PRACT","Practice","2019","2019",20.6,,
"ALL","All regions","PAK","Pakistan","AIC","All income groups","RCL_PV_LAW","Law","2019","2019",0.25,,
"ALL","All regions","PAK","Pakistan","AIC","All income groups","RCL_PV_PRACT","Practice","2019","2019",20.6,,
"AME","Americas","PAN","Panama","AIC","All income groups","RCL_PV_LAW","Law","2019","2019",0,,
"AME","Americas","PAN","Panama","AIC","All income groups","RCL_PV_PRACT","Practice","2019","2019",18.3,,
"ALL","All regions","PAN","Panama","AIC","All income groups","RCL_PV_LAW","Law","2019","2019",0,,
"ALL","All regions","PAN","Panama","AIC","All income groups","RCL_PV_PRACT","Practice","2019","2019",18.3,,
"ASI","Asia","PNG","Papua New Guinea","AIC","All income groups","RCL_PV_LAW","Law","2019","2019",0.25,,
"ASI","Asia","PNG","Papua New Guinea","AIC","All income groups","RCL_PV_PRACT","Practice","2019","2019",0,,
"ALL","All regions","PNG","Papua New Guinea","AIC","All income groups","RCL_PV_LAW","Law","2019","2019",0.25,,
"ALL","All regions","PNG","Papua New Guinea","AIC","All income groups","RCL_PV_PRACT","Practice","2019","2019",0,,
"AME","Americas","PRY","Paraguay","AIC","All income groups","RCL_PV_LAW","Law","2019","2019",0,,
"AME","Americas","PRY","Paraguay","AIC","All income groups","RCL_PV_PRACT","Practice","2019","2019",13.8,,
"ALL","All regions","PRY","Paraguay","AIC","All income groups","RCL_PV_LAW","Law","2019","2019",0,,
"ALL","All regions","PRY","Paraguay","AIC","All income groups","RCL_PV_PRACT","Practice","2019","2019",13.8,,
"AME","Americas","PER","Peru","AIC","All income groups","RCL_PV_LAW","Law","2019","2019",0,,
"AME","Americas","PER","Peru","AIC","All income groups","RCL_PV_PRACT","Practice","2019","2019",27.7,,
"ALL","All regions","PER","Peru","AIC","All income groups","RCL_PV_LAW","Law","2019","2019",0,,
"ALL","All regions","PER","Peru","AIC","All income groups","RCL_PV_PRACT","Practice","2019","2019",27.7,,
"ASI","Asia","PHL","Philippines","AIC","All income groups","RCL_PV_LAW","Law","2019","2019",0,,
"ASI","Asia","PHL","Philippines","AIC","All income groups","RCL_PV_PRACT","Practice","2019","2019",29.5,,
"ALL","All regions","PHL","Philippines","AIC","All income groups","RCL_PV_LAW","Law","2019","2019",0,,
"ALL","All regions","PHL","Philippines","AIC","All income groups","RCL_PV_PRACT","Practice","2019","2019",29.5,,
"ASI","Asia","QAT","Qatar","AIC","All income groups","RCL_PV_LAW","Law","2019","2019",0.5,,
"ASI","Asia","QAT","Qatar","AIC","All income groups","RCL_PV_PRACT","Practice","2019","2019",9.8,,
"ALL","All regions","QAT","Qatar","AIC","All income groups","RCL_PV_LAW","Law","2019","2019",0.5,,
"ALL","All regions","QAT","Qatar","AIC","All income groups","RCL_PV_PRACT","Practice","2019","2019",9.8,,
"EUR","Europe","ROU","Romania","AIC","All income groups","RCL_PV_LAW","Law","2019","2019",0.5,,
"EUR","Europe","ROU","Romania","AIC","All income groups","RCL_PV_PRACT","Practice","2019","2019",20.7,,
"ALL","All regions","ROU","Romania","AIC","All income groups","RCL_PV_LAW","Law","2019","2019",0.5,,
"ALL","All regions","ROU","Romania","AIC","All income groups","RCL_PV_PRACT","Practice","2019","2019",20.7,,
"EUR","Europe","RUS","Russia","AIC","All income groups","RCL_PV_LAW","Law","2019","2019",0.5,,
"EUR","Europe","RUS","Russia","AIC","All income groups","RCL_PV_PRACT","Practice","2019","2019",15.8,,
"ALL","All regions","RUS","Russia","AIC","All income groups","RCL_PV_LAW","Law","2019","2019",0.5,,
"ALL","All regions","RUS","Russia","AIC","All income groups","RCL_PV_PRACT","Practice","2019","2019",15.8,,
"AFR","Africa","RWA","Rwanda","AIC","All income groups","RCL_PV_LAW","Law","2019","2019",0.25,,
"AFR","Africa","RWA","Rwanda","AIC","All income groups","RCL_PV_PRACT","Practice","2019","2019",61.3,,
"ALL","All regions","RWA","Rwanda","AIC","All income groups","RCL_PV_LAW","Law","2019","2019",0.25,,
"ALL","All regions","RWA","Rwanda","AIC","All income groups","RCL_PV_PRACT","Practice","2019","2019",61.3,,
"ASI","Asia","WSM","Samoa","AIC","All income groups","RCL_PV_LAW","Law","2019","2019",0.25,,
"ASI","Asia","WSM","Samoa","AIC","All income groups","RCL_PV_PRACT","Practice","2019","2019",10,,
"ALL","All regions","WSM","Samoa","AIC","All income groups","RCL_PV_LAW","Law","2019","2019",0.25,,
"ALL","All regions","WSM","Samoa","AIC","All income groups","RCL_PV_PRACT","Practice","2019","2019",10,,
"AFR","Africa","STP","Sao Tome and Principe","AIC","All income groups","RCL_PV_LAW","Law","2019","2019",0.5,,
"AFR","Africa","STP","Sao Tome and Principe","AIC","All income groups","RCL_PV_PRACT","Practice","2019","2019",18.2,,
"ALL","All regions","STP","Sao Tome and Principe","AIC","All income groups","RCL_PV_LAW","Law","2019","2019",0.5,,
"ALL","All regions","STP","Sao Tome and Principe","AIC","All income groups","RCL_PV_PRACT","Practice","2019","2019",18.2,,
"ASI","Asia","SAU","Saudi Arabia","AIC","All income groups","RCL_PV_LAW","Law","2019","2019",0.25,,
"ASI","Asia","SAU","Saudi Arabia","AIC","All income groups","RCL_PV_PRACT","Practice","2019","2019",19.9,,
"ALL","All regions","SAU","Saudi Arabia","AIC","All income groups","RCL_PV_LAW","Law","2019","2019",0.25,,
"ALL","All regions","SAU","Saudi Arabia","AIC","All income groups","RCL_PV_PRACT","Practice","2019","2019",19.9,,
"AFR","Africa","SEN","Senegal","AIC","All income groups","RCL_PV_LAW","Law","2019","2019",0,,
"AFR","Africa","SEN","Senegal","AIC","All income groups","RCL_PV_PRACT","Practice","2019","2019",41.8,,
"ALL","All regions","SEN","Senegal","AIC","All income groups","RCL_PV_LAW","Law","2019","2019",0,,
"ALL","All regions","SEN","Senegal","AIC","All income groups","RCL_PV_PRACT","Practice","2019","2019",41.8,,
"AFR","Africa","SYC","Seychelles","AIC","All income groups","RCL_PV_LAW","Law","2019","2019",0.5,,
"AFR","Africa","SYC","Seychelles","AIC","All income groups","RCL_PV_PRACT","Practice","2019","2019",21.2,,
"ALL","All regions","SYC","Seychelles","AIC","All income groups","RCL_PV_LAW","Law","2019","2019",0.5,,
"ALL","All regions","SYC","Seychelles","AIC","All income groups","RCL_PV_PRACT","Practice","2019","2019",21.2,,
"AFR","Africa","SLE","Sierra Leone","AIC","All income groups","RCL_PV_LAW","Law","2019","2019",0.25,,
"AFR","Africa","SLE","Sierra Leone","AIC","All income groups","RCL_PV_PRACT","Practice","2019","2019",12.4,,
"ALL","All regions","SLE","Sierra Leone","AIC","All income groups","RCL_PV_LAW","Law","2019","2019",0.25,,
"ALL","All regions","SLE","Sierra Leone","AIC","All income groups","RCL_PV_PRACT","Practice","2019","2019",12.4,,
"ASI","Asia","SGP","Singapore","AIC","All income groups","RCL_PV_LAW","Law","2019","2019",0.5,,
"ASI","Asia","SGP","Singapore","AIC","All income groups","RCL_PV_PRACT","Practice","2019","2019",23,,
"ALL","All regions","SGP","Singapore","AIC","All income groups","RCL_PV_LAW","Law","2019","2019",0.5,,
"ALL","All regions","SGP","Singapore","AIC","All income groups","RCL_PV_PRACT","Practice","2019","2019",23,,
"EUR","Europe","SVN","Slovenia","AIC","All income groups","RCL_PV_LAW","Law","2019","2019",0,,
"EUR","Europe","SVN","Slovenia","AIC","All income groups","RCL_PV_PRACT","Practice","2019","2019",36.7,,
"ALL","All regions","SVN","Slovenia","AIC","All income groups","RCL_PV_LAW","Law","2019","2019",0,,
"ALL","All regions","SVN","Slovenia","AIC","All income groups","RCL_PV_PRACT","Practice","2019","2019",36.7,,
"ASI","Asia","SLB","Solomon Islands","AIC","All income groups","RCL_PV_LAW","Law","2019","2019",0.5,,
"ASI","Asia","SLB","Solomon Islands","AIC","All income groups","RCL_PV_PRACT","Practice","2019","2019",2,,
"ALL","All regions","SLB","Solomon Islands","AIC","All income groups","RCL_PV_LAW","Law","2019","2019",0.5,,
"ALL","All regions","SLB","Solomon Islands","AIC","All income groups","RCL_PV_PRACT","Practice","2019","2019",2,,
"AFR","Africa","SOM","Somalia","AIC","All income groups","RCL_PV_LAW","Law","2019","2019",0.25,,
"AFR","Africa","SOM","Somalia","AIC","All income groups","RCL_PV_PRACT","Practice","2019","2019",24.4,,
"ALL","All regions","SOM","Somalia","AIC","All income groups","RCL_PV_LAW","Law","2019","2019",0.25,,
"ALL","All regions","SOM","Somalia","AIC","All income groups","RCL_PV_PRACT","Practice","2019","2019",24.4,,
"AFR","Africa","ZAF","South Africa","AIC","All income groups","RCL_PV_LAW","Law","2019","2019",0.25,,
"AFR","Africa","ZAF","South Africa","AIC","All income groups","RCL_PV_PRACT","Practice","2019","2019",42.1,,
"ALL","All regions","ZAF","South Africa","AIC","All income groups","RCL_PV_LAW","Law","2019","2019",0.25,,
"ALL","All regions","ZAF","South Africa","AIC","All income groups","RCL_PV_PRACT","Practice","2019","2019",42.1,,
"ASI","Asia","LKA","Sri Lanka","AIC","All income groups","RCL_PV_LAW","Law","2019","2019",0.25,,
"ASI","Asia","LKA","Sri Lanka","AIC","All income groups","RCL_PV_PRACT","Practice","2019","2019",5.8,,
"ALL","All regions","LKA","Sri Lanka","AIC","All income groups","RCL_PV_LAW","Law","2019","2019",0.25,,
"ALL","All regions","LKA","Sri Lanka","AIC","All income groups","RCL_PV_PRACT","Practice","2019","2019",5.8,,
"AFR","Africa","SDN","Sudan","AIC","All income groups","RCL_PV_LAW","Law","2019","2019",0.25,,
"AFR","Africa","SDN","Sudan","AIC","All income groups","RCL_PV_PRACT","Practice","2019","2019",30.5,,
"ALL","All regions","SDN","Sudan","AIC","All income groups","RCL_PV_LAW","Law","2019","2019",0.25,,
"ALL","All regions","SDN","Sudan","AIC","All income groups","RCL_PV_PRACT","Practice","2019","2019",30.5,,
"AFR","Africa","SWZ","Eswatini","AIC","All income groups","RCL_PV_LAW","Law","2019","2019",0.25,,
"AFR","Africa","SWZ","Eswatini","AIC","All income groups","RCL_PV_PRACT","Practice","2019","2019",6.2,,
"ALL","All regions","SWZ","Eswatini","AIC","All income groups","RCL_PV_LAW","Law","2019","2019",0.25,,
"ALL","All regions","SWZ","Eswatini","AIC","All income groups","RCL_PV_PRACT","Practice","2019","2019",6.2,,
"ASI","Asia","SYR","Syrian Arab Republic","AIC","All income groups","RCL_PV_LAW","Law","2019","2019",0.5,,
"ASI","Asia","SYR","Syrian Arab Republic","AIC","All income groups","RCL_PV_PRACT","Practice","2019","2019",13.2,,
"ALL","All regions","SYR","Syrian Arab Republic","AIC","All income groups","RCL_PV_LAW","Law","2019","2019",0.5,,
"ALL","All regions","SYR","Syrian Arab Republic","AIC","All income groups","RCL_PV_PRACT","Practice","2019","2019",13.2,,
"ASI","Asia","TWN","Chinese Taipei","AIC","All income groups","RCL_PV_LAW","Law","2019","2019",0,,
"ASI","Asia","TWN","Chinese Taipei","AIC","All income groups","RCL_PV_PRACT","Practice","2019","2019",38.1,,
"ALL","All regions","TWN","Chinese Taipei","AIC","All income groups","RCL_PV_LAW","Law","2019","2019",0,,
"ALL","All regions","TWN","Chinese Taipei","AIC","All income groups","RCL_PV_PRACT","Practice","2019","2019",38.1,,
"ASI","Asia","TJK","Tajikistan","AIC","All income groups","RCL_PV_LAW","Law","2019","2019",0.5,,
"ASI","Asia","TJK","Tajikistan","AIC","All income groups","RCL_PV_PRACT","Practice","2019","2019",19,,
"ALL","All regions","TJK","Tajikistan","AIC","All income groups","RCL_PV_LAW","Law","2019","2019",0.5,,
"ALL","All regions","TJK","Tajikistan","AIC","All income groups","RCL_PV_PRACT","Practice","2019","2019",19,,
"AFR","Africa","TZA","Tanzania","AIC","All income groups","RCL_PV_LAW","Law","2019","2019",0.25,,
"AFR","Africa","TZA","Tanzania","AIC","All income groups","RCL_PV_PRACT","Practice","2019","2019",37.2,,
"ALL","All regions","TZA","Tanzania","AIC","All income groups","RCL_PV_LAW","Law","2019","2019",0.25,,
"ALL","All regions","TZA","Tanzania","AIC","All income groups","RCL_PV_PRACT","Practice","2019","2019",37.2,,
"ASI","Asia","THA","Thailand","AIC","All income groups","RCL_PV_LAW","Law","2019","2019",0.25,,
"ASI","Asia","THA","Thailand","AIC","All income groups","RCL_PV_PRACT","Practice","2019","2019",4.8,,
"ALL","All regions","THA","Thailand","AIC","All income groups","RCL_PV_LAW","Law","2019","2019",0.25,,
"ALL","All regions","THA","Thailand","AIC","All income groups","RCL_PV_PRACT","Practice","2019","2019",4.8,,
"ASI","Asia","TLS","Timor-Leste","AIC","All income groups","RCL_PV_LAW","Law","2019","2019",0.25,,
"ASI","Asia","TLS","Timor-Leste","AIC","All income groups","RCL_PV_PRACT","Practice","2019","2019",32.3,,
"ALL","All regions","TLS","Timor-Leste","AIC","All income groups","RCL_PV_LAW","Law","2019","2019",0.25,,
"ALL","All regions","TLS","Timor-Leste","AIC","All income groups","RCL_PV_PRACT","Practice","2019","2019",32.3,,
"AFR","Africa","TGO","Togo","AIC","All income groups","RCL_PV_LAW","Law","2019","2019",0.25,,
"AFR","Africa","TGO","Togo","AIC","All income groups","RCL_PV_PRACT","Practice","2019","2019",17.6,,
"ALL","All regions","TGO","Togo","AIC","All income groups","RCL_PV_LAW","Law","2019","2019",0.25,,
"ALL","All regions","TGO","Togo","AIC","All income groups","RCL_PV_PRACT","Practice","2019","2019",17.6,,
"AME","Americas","TTO","Trinidad and Tobago","AIC","All income groups","RCL_PV_LAW","Law","2019","2019",0.5,,
"AME","Americas","TTO","Trinidad and Tobago","AIC","All income groups","RCL_PV_PRACT","Practice","2019","2019",31,,
"ALL","All regions","TTO","Trinidad and Tobago","AIC","All income groups","RCL_PV_LAW","Law","2019","2019",0.5,,
"ALL","All regions","TTO","Trinidad and Tobago","AIC","All income groups","RCL_PV_PRACT","Practice","2019","2019",31,,
"AFR","Africa","TUN","Tunisia","AIC","All income groups","RCL_PV_LAW","Law","2019","2019",0.25,,
"AFR","Africa","TUN","Tunisia","AIC","All income groups","RCL_PV_PRACT","Practice","2019","2019",31.3,,
"ALL","All regions","TUN","Tunisia","AIC","All income groups","RCL_PV_LAW","Law","2019","2019",0.25,,
"ALL","All regions","TUN","Tunisia","AIC","All income groups","RCL_PV_PRACT","Practice","2019","2019",31.3,,
"ASI","Asia","TKM","Turkmenistan","AIC","All income groups","RCL_PV_LAW","Law","2019","2019",0.5,,
"ASI","Asia","TKM","Turkmenistan","AIC","All income groups","RCL_PV_PRACT","Practice","2019","2019",25.8,,
"ALL","All regions","TKM","Turkmenistan","AIC","All income groups","RCL_PV_LAW","Law","2019","2019",0.5,,
"ALL","All regions","TKM","Turkmenistan","AIC","All income groups","RCL_PV_PRACT","Practice","2019","2019",25.8,,
"AFR","Africa","UGA","Uganda","AIC","All income groups","RCL_PV_LAW","Law","2019","2019",0.25,,
"AFR","Africa","UGA","Uganda","AIC","All income groups","RCL_PV_PRACT","Practice","2019","2019",34.3,,
"ALL","All regions","UGA","Uganda","AIC","All income groups","RCL_PV_LAW","Law","2019","2019",0.25,,
"ALL","All regions","UGA","Uganda","AIC","All income groups","RCL_PV_PRACT","Practice","2019","2019",34.3,,
"EUR","Europe","UKR","Ukraine","AIC","All income groups","RCL_PV_LAW","Law","2019","2019",0.25,,
"EUR","Europe","UKR","Ukraine","AIC","All income groups","RCL_PV_PRACT","Practice","2019","2019",12.3,,
"ALL","All regions","UKR","Ukraine","AIC","All income groups","RCL_PV_LAW","Law","2019","2019",0.25,,
"ALL","All regions","UKR","Ukraine","AIC","All income groups","RCL_PV_PRACT","Practice","2019","2019",12.3,,
"ASI","Asia","ARE","United Arab Emirates","AIC","All income groups","RCL_PV_LAW","Law","2019","2019",0.5,,
"ASI","Asia","ARE","United Arab Emirates","AIC","All income groups","RCL_PV_PRACT","Practice","2019","2019",22.5,,
"ALL","All regions","ARE","United Arab Emirates","AIC","All income groups","RCL_PV_LAW","Law","2019","2019",0.5,,
"ALL","All regions","ARE","United Arab Emirates","AIC","All income groups","RCL_PV_PRACT","Practice","2019","2019",22.5,,
"AME","Americas","URY","Uruguay","AIC","All income groups","RCL_PV_LAW","Law","2019","2019",0.25,,
"AME","Americas","URY","Uruguay","AIC","All income groups","RCL_PV_PRACT","Practice","2019","2019",20.2,,
"ALL","All regions","URY","Uruguay","AIC","All income groups","RCL_PV_LAW","Law","2019","2019",0.25,,
"ALL","All regions","URY","Uruguay","AIC","All income groups","RCL_PV_PRACT","Practice","2019","2019",20.2,,
"ASI","Asia","UZB","Uzbekistan","AIC","All income groups","RCL_PV_LAW","Law","2019","2019",0.25,,
"ASI","Asia","UZB","Uzbekistan","AIC","All income groups","RCL_PV_PRACT","Practice","2019","2019",16,,
"ALL","All regions","UZB","Uzbekistan","AIC","All income groups","RCL_PV_LAW","Law","2019","2019",0.25,,
"ALL","All regions","UZB","Uzbekistan","AIC","All income groups","RCL_PV_PRACT","Practice","2019","2019",16,,
"AME","Americas","VEN","Venezuela","AIC","All income groups","RCL_PV_LAW","Law","2019","2019",0,,
"AME","Americas","VEN","Venezuela","AIC","All income groups","RCL_PV_PRACT","Practice","2019","2019",22.2,,
"ALL","All regions","VEN","Venezuela","AIC","All income groups","RCL_PV_LAW","Law","2019","2019",0,,
"ALL","All regions","VEN","Venezuela","AIC","All income groups","RCL_PV_PRACT","Practice","2019","2019",22.2,,
"ASI","Asia","VNM","Viet Nam","AIC","All income groups","RCL_PV_LAW","Law","2019","2019",0,,
"ASI","Asia","VNM","Viet Nam","AIC","All income groups","RCL_PV_PRACT","Practice","2019","2019",26.7,,
"ALL","All regions","VNM","Viet Nam","AIC","All income groups","RCL_PV_LAW","Law","2019","2019",0,,
"ALL","All regions","VNM","Viet Nam","AIC","All income groups","RCL_PV_PRACT","Practice","2019","2019",26.7,,
"ASI","Asia","YEM","Yemen","AIC","All income groups","RCL_PV_LAW","Law","2019","2019",0.5,,
"ASI","Asia","YEM","Yemen","AIC","All income groups","RCL_PV_PRACT","Practice","2019","2019",0,,
"ALL","All regions","YEM","Yemen","AIC","All income groups","RCL_PV_LAW","Law","2019","2019",0.5,,
"ALL","All regions","YEM","Yemen","AIC","All income groups","RCL_PV_PRACT","Practice","2019","2019",0,,
"AFR","Africa","ZMB","Zambia","AIC","All income groups","RCL_PV_LAW","Law","2019","2019",0.5,,
"AFR","Africa","ZMB","Zambia","AIC","All income groups","RCL_PV_PRACT","Practice","2019","2019",18,,
"ALL","All regions","ZMB","Zambia","AIC","All income groups","RCL_PV_LAW","Law","2019","2019",0.5,,
"ALL","All regions","ZMB","Zambia","AIC","All income groups","RCL_PV_PRACT","Practice","2019","2019",18,,
"AFR","Africa","ZWE","Zimbabwe","AIC","All income groups","RCL_PV_LAW","Law","2019","2019",0.25,,
"AFR","Africa","ZWE","Zimbabwe","AIC","All income groups","RCL_PV_PRACT","Practice","2019","2019",32.6,,
"ALL","All regions","ZWE","Zimbabwe","AIC","All income groups","RCL_PV_LAW","Law","2019","2019",0.25,,
"ALL","All regions","ZWE","Zimbabwe","AIC","All income groups","RCL_PV_PRACT","Practice","2019","2019",32.6,,
"EUR","Europe","SRB","Serbia","AIC","All income groups","RCL_PV_LAW","Law","2019","2019",0.25,,
"EUR","Europe","SRB","Serbia","AIC","All income groups","RCL_PV_PRACT","Practice","2019","2019",34.4,,
"ALL","All regions","SRB","Serbia","AIC","All income groups","RCL_PV_LAW","Law","2019","2019",0.25,,
"ALL","All regions","SRB","Serbia","AIC","All income groups","RCL_PV_PRACT","Practice","2019","2019",34.4,,
"EUR","Europe","MNE","Montenegro","AIC","All income groups","RCL_PV_LAW","Law","2019","2019",0.25,,
"EUR","Europe","MNE","Montenegro","AIC","All income groups","RCL_PV_PRACT","Practice","2019","2019",23.5,,
"ALL","All regions","MNE","Montenegro","AIC","All income groups","RCL_PV_LAW","Law","2019","2019",0.25,,
"ALL","All regions","MNE","Montenegro","AIC","All income groups","RCL_PV_PRACT","Practice","2019","2019",23.5,,
"EUR","Europe","XKO","Kosovo","AIC","All income groups","RCL_PV_LAW","Law","2019","2019",0.25,,
"EUR","Europe","XKO","Kosovo","AIC","All income groups","RCL_PV_PRACT","Practice","2019","2019",31.7,,
"ALL","All regions","XKO","Kosovo","AIC","All income groups","RCL_PV_LAW","Law","2019","2019",0.25,,
"ALL","All regions","XKO","Kosovo","AIC","All income groups","RCL_PV_PRACT","Practice","2019","2019",31.7,,
"AFR","Africa","SSD","South Sudan ","AIC","All income groups","RCL_PV_LAW","Law","2019","2019",0.25,,
"AFR","Africa","SSD","South Sudan ","AIC","All income groups","RCL_PV_PRACT","Practice","2019","2019",28.5,,
"ALL","All regions","SSD","South Sudan ","AIC","All income groups","RCL_PV_LAW","Law","2019","2019",0.25,,
"ALL","All regions","SSD","South Sudan ","AIC","All income groups","RCL_PV_PRACT","Practice","2019","2019",28.5,,
